<?xml version="1.0"?>
<ViewModel xmlns:xsd="http://www.w3.org/2001/XMLSchema" xmlns:xsi="http://www.w3.org/2001/XMLSchema-instance">
  <Height>20</Height>
  <Width>400</Width>
  <BackgroundColor>#272727</BackgroundColor>
  <NowPlaying>
    <Margin>
      <Left>10</Left>
      <Top>2</Top>
      <Right>0</Right>
      <Bottom>0</Bottom>
    </Margin>
    <Width>150</Width>
  </NowPlaying>
  <CoverArt>
    <Top>0</Top>
    <Left>0</Left>
    <Width>0</Width>
    <Height>0</Height>
    <Margin>
      <Left>0</Left>
      <Top>0</Top>
      <Right>0</Right>
      <Bottom>0</Bottom>
    </Margin>
  </CoverArt>
  <Progress>
    <TimeMargin>
      <Left>175</Left>
      <Top>2</Top>
      <Right>0</Right>
      <Bottom>0</Bottom>
    </TimeMargin>
    <ProgressMargin>
      <Left>205</Left>
      <Top>6</Top>
      <Right>0</Right>
      <Bottom>0</Bottom>
    </ProgressMargin>
    <ProgressHeight>8</ProgressHeight>
    <ProgressWidth>50</ProgressWidth>
  </Progress>
  <PreviousButton>
    <Width>10</Width>
    <Height>10</Height>
    <ImageName>Rewind.png</ImageName>
    <Margin>
      <Left>270</Left>
      <Top>7</Top>
      <Right>0</Right>
      <Bottom>0</Bottom>
    </Margin>
  </PreviousButton>
  <PlayButton>
    <Width>10</Width>
    <Height>10</Height>
    <ImageName>Play.png</ImageName>
    <ImageNameSecondary>Pause.png</ImageNameSecondary>
    <Margin>
      <Left>285</Left>
      <Top>6</Top>
      <Right>0</Right>
      <Bottom>0</Bottom>
    </Margin>
  </PlayButton>
  <NextButton>
    <Width>10</Width>
    <Height>10</Height>
    <ImageName>Forward.png</ImageName>
    <Margin>
      <Left>300</Left>
      <Top>6</Top>
      <Right>0</Right>
      <Bottom>0</Bottom>
    </Margin>
  </NextButton>
  <PinButton>
    <Width>0</Width>
    <Height>0</Height>
    <ImageName>Pin.png</ImageName>
    <ImageNameSecondary>unpin.png</ImageNameSecondary>
    <Margin>
      <Left>250</Left>
      <Top>10</Top>
      <Right>0</Right>
      <Bottom>0</Bottom>
    </Margin>
  </PinButton>
  <CloseButton>
    <Width>10</Width>
    <Height>10</Height>
    <ImageName>Close.png</ImageName>
    <Margin>
      <Left>380</Left>
      <Top>6</Top>
      <Right>0</Right>
      <Bottom>0</Bottom>
    </Margin>
  </CloseButton>
</ViewModel>