<?xml version="1.0"?>
<ViewModel xmlns:xsd="http://www.w3.org/2001/XMLSchema" xmlns:xsi="http://www.w3.org/2001/XMLSchema-instance">
  <Height>80</Height>
  <Width>300</Width>
  <BackgroundColor>#272727</BackgroundColor>
  <NowPlaying>
    <Margin>
      <Left>90</Left>
      <Top>10</Top>
      <Right>0</Right>
      <Bottom>0</Bottom>
    </Margin>
    <Width>150</Width>
  </NowPlaying>
  <CoverArt>
    <Top>0</Top>
    <Left>0</Left>
    <Width>80</Width>
    <Height>80</Height>
    <Margin>
      <Left>0</Left>
      <Top>0</Top>
      <Right>0</Right>
      <Bottom>0</Bottom>
    </Margin>
  </CoverArt>
  <Progress>
    <TimeMargin>
      <Left>90</Left>
      <Top>35</Top>
      <Right>0</Right>
      <Bottom>0</Bottom>
    </TimeMargin>
    <ProgressMargin>
      <Left>120</Left>
      <Top>38</Top>
      <Right>0</Right>
      <Bottom>0</Bottom>
    </ProgressMargin>
    <ProgressHeight>10</ProgressHeight>
    <ProgressWidth>100</ProgressWidth>
  </Progress>
  <PreviousButton>
    <Width>20</Width>
    <Height>20</Height>
    <ImageName>Rewind.png</ImageName>
    <Margin>
      <Left>90</Left>
      <Top>57</Top>
      <Right>0</Right>
      <Bottom>0</Bottom>
    </Margin>
  </PreviousButton>
  <PlayButton>
    <Width>15</Width>
    <Height>15</Height>
    <ImageName>Play.png</ImageName>
    <ImageNameSecondary>Pause.png</ImageNameSecondary>

    <Margin>
      <Left>120</Left>
      <Top>58.5</Top>
      <Right>0</Right>
      <Bottom>0</Bottom>
    </Margin>
  </PlayButton>
  <NextButton>
    <Width>20</Width>
    <Height>20</Height>
    <ImageName>Forward.png</ImageName>
    <Margin>
      <Left>145</Left>
      <Top>55</Top>
      <Right>0</Right>
      <Bottom>0</Bottom>
    </Margin>
  </NextButton>
  <PinButton>
    <Width>15</Width>
    <Height>15</Height>
    <ImageName>Pin.png</ImageName>
    <ImageNameSecondary>unpin.png</ImageNameSecondary>
    <Margin>
      <Left>250</Left>
      <Top>10</Top>
      <Right>0</Right>
      <Bottom>0</Bottom>
    </Margin>
  </PinButton>
  <CloseButton>
    <Width>15</Width>
    <Height>15</Height>
    <ImageName>Close.png</ImageName>
    <Margin>
      <Left>270</Left>
      <Top>10</Top>
      <Right>0</Right>
      <Bottom>0</Bottom>
    </Margin>
  </CloseButton>
</ViewModel>