<?xml version="1.0"?>
<ViewModel xmlns:xsd="http://www.w3.org/2001/XMLSchema" xmlns:xsi="http://www.w3.org/2001/XMLSchema-instance">
  <Height>210</Height>
  <Width>150</Width>
  <BackgroundColor>#272727</BackgroundColor>
  <NowPlaying>
    <Margin>
      <Left>5</Left>
      <Top>152</Top>
      <Right>0</Right>
      <Bottom>0</Bottom>
    </Margin>
    <Width>140</Width>
  </NowPlaying>
  <CoverArt>
    <Top>0</Top>
    <Left>0</Left>
    <Width>150</Width>
    <Height>150</Height>
    <Margin>
      <Left>0</Left>
      <Top>0</Top>
      <Right>0</Right>
      <Bottom>0</Bottom>
    </Margin>
  </CoverArt>
  <Progress>
    <TimeMargin>
      <Left>5</Left>
      <Top>500</Top>
      <Right>0</Right>
      <Bottom>0</Bottom>
    </TimeMargin>
    <ProgressMargin>
      <Left>0</Left>
      <Top>150</Top>
      <Right>0</Right>
      <Bottom>0</Bottom>
    </ProgressMargin>
    <ProgressHeight>2</ProgressHeight>
    <ProgressWidth>150</ProgressWidth>
  </Progress>
  <PreviousButton>
    <Width>20</Width>
    <Height>20</Height>
    <ImageName>/Themes/Square/Rewind.png</ImageName>
    <Margin>
      <Left>30</Left>
      <Top>180</Top>
      <Right>0</Right>
      <Bottom>0</Bottom>
    </Margin>
  </PreviousButton>
  <PlayButton>
    <Width>30</Width>
    <Height>30</Height>
    <ImageName>/Themes/Square/Play.png</ImageName>
    <ImageNameSecondary>/Themes/Square/Pause.png</ImageNameSecondary>
    <Margin>
      <Left>60</Left>
      <Top>175</Top>
      <Right>0</Right>
      <Bottom>0</Bottom>
    </Margin>
  </PlayButton>
  <NextButton>
    <Width>20</Width>
    <Height>20</Height>
    <ImageName>/Themes/Square/Forward.png</ImageName>
    <Margin>
      <Left>100</Left>
      <Top>180</Top>
      <Right>0</Right>
      <Bottom>0</Bottom>
    </Margin>
  </NextButton>
  <PinButton>
    <Width>15</Width>
    <Height>15</Height>
    <ImageName>/Themes/Square/Pin.png</ImageName>
    <ImageNameSecondary>/Themes/Square/Unpin.png</ImageNameSecondary>
    <Margin>
      <Left>110</Left>
      <Top>10</Top>
      <Right>0</Right>
      <Bottom>0</Bottom>
    </Margin>
  </PinButton>
  <CloseButton>
    <Width>15</Width>
    <Height>15</Height>
    <ImageName>/Themes/Square/Close.png</ImageName>
    <Margin>
      <Left>130</Left>
      <Top>10</Top>
      <Right>0</Right>
      <Bottom>0</Bottom>
    </Margin>
  </CloseButton>
</ViewModel>